GEOID,Y,X
1,45.420597,-122.675677
2,45.557139,-122.674858
3,45.377229,-122.596765
4,45.366675,-122.772978
5,45.462034,-122.629962
