GEOID,Y,X
1,45.527685,-122.678232
2,45.522153,-122.683382
3,45.537906,-122.651968
4,45.508681,-122.635832
5,45.499176,-122.641840
